,City,Lat,Lng,Max Temp,Humidity,Cloudiness,Wind Speed,Country,Date
0,Isafjordur,66.0755,-23.124,39.96,74,100,4.45,IS,1685082276
1,Najaf,31.9985,44.3398,85.78,32,91,5.01,IQ,1685082277
2,Saint-Pierre,-21.3393,55.4781,76.68,65,0,16.11,RE,1685082142
3,São João da Barra,-21.6403,-41.0511,70.7,86,4,3.91,BR,1685082279
4,Adrar,20.5022,-10.0711,73.89,58,100,9.06,MR,1685082280
5,Choma,-16.8065,26.9531,64.89,44,1,5.23,ZM,1685082281
6,Klyuchi,52.2667,79.1667,65.55,26,17,14.88,RU,1685081692
7,Albany,42.6001,-73.9662,45.45,80,3,3.98,US,1685082206
8,Chibougamau,49.9168,-74.3659,35.22,87,0,4.61,CA,1685082285
9,Grytviken,-54.2811,-36.5092,36.34,83,77,7.65,GS,1685082286
10,San Patricio,28.017,-97.5169,80.46,83,69,6.69,US,1685082287
11,Port-aux-Français,-49.35,70.2167,41.16,99,98,19.22,TF,1685082288
12,Argos,37.6333,22.7333,71.78,51,0,4.07,GR,1685082158
13,Saint Paul Harbor,57.79,-152.4072,44.11,81,20,0.0,US,1685081787
14,Zabid,14.1951,43.3152,92.84,47,67,2.77,YE,1685082291
15,Talnakh,69.4865,88.3972,38.21,100,46,8.63,RU,1685082292
16,Carutapera,-1.195,-46.02,76.14,92,16,5.03,BR,1685082294
17,Wailua Homesteads,22.0669,-159.378,72.39,89,100,12.66,US,1685081791
18,Port Augusta,-32.5,137.7667,59.22,54,80,9.19,AU,1685082296
19,Nuku'alofa,-21.1333,-175.2,68.34,100,75,5.75,TO,1685082186
20,Ust'-Barguzin,53.45,108.9833,40.62,77,85,6.8,RU,1685082299
21,Keflavik,64.0049,-22.5624,43.23,93,100,11.5,IS,1685081796
22,Tripoli,32.8752,13.1875,67.24,76,43,20.62,LY,1685082137
23,George Town,5.4112,100.3354,84.15,75,40,5.75,MY,1685082291
24,West Island,-12.1568,96.8225,82.38,78,40,18.41,CC,1685081824
25,Northam,51.0333,-4.2167,56.61,80,21,5.21,GB,1685082043
26,Port Elizabeth,-33.918,25.5701,56.32,60,0,14.97,ZA,1685082306
27,Puerto Natales,-51.7236,-72.4875,30.2,88,35,6.73,CL,1685082164
28,Bredasdorp,-34.5322,20.0403,49.62,80,65,7.78,ZA,1685081803
29,Edinburgh of the Seven Seas,-37.0676,-12.3116,62.64,87,91,40.38,SH,1685082309
30,Bethel,41.3712,-73.414,52.65,78,0,0.0,US,1685082310
31,Lloydminster,53.2835,-110.0016,53.82,71,100,5.75,CA,1685082311
32,Notodden,59.5594,9.2585,54.97,77,54,5.88,NO,1685082312
33,Tiksi,71.6872,128.8694,33.19,92,100,9.64,RU,1685082313
34,Anadyr,64.75,177.4833,34.3,93,100,6.71,RU,1685081998
35,Cabo San Lucas,22.8909,-109.9124,78.62,61,99,4.0,MX,1685082070
36,Vernal,40.4555,-109.5287,61.66,41,0,6.91,US,1685082123
37,Margaret River,-33.95,115.0667,60.21,49,0,4.32,AU,1685082318
38,Qaqortoq,60.7167,-46.0333,33.67,90,99,6.13,GL,1685082319
39,Salalah,17.0151,54.0924,91.49,62,40,13.8,OM,1685082320
40,Ribeira Grande,38.5167,-28.7,62.78,77,40,7.0,PT,1685082321
41,Sitka,57.0531,-135.33,51.69,87,100,16.11,US,1685082322
42,Nichinan,31.6,131.3667,73.08,65,91,7.65,JP,1685082323
43,Punta Arenas,-53.15,-70.9167,32.11,86,20,11.5,CL,1685082126
44,Whitehorse,60.7161,-135.0538,50.77,75,100,17.27,CA,1685081857
45,Klaksvík,62.2266,-6.589,47.32,81,73,19.3,FO,1685082326
46,Stanley,54.868,-1.6985,52.72,90,0,3.44,GB,1685081755
47,Nebraska City,40.6767,-95.8592,66.24,82,0,4.61,US,1685082329
48,Kertih,4.5141,103.4483,87.82,79,20,5.75,MY,1685082330
49,Gunjur,13.2019,-16.7339,77.07,83,0,0.0,GM,1685082331
50,Ocean City,39.2776,-74.5746,55.99,83,5,1.99,US,1685082252
51,Lauro de Freitas,-12.8944,-38.3272,80.62,78,40,10.36,BR,1685082228
52,Waitangi,-43.9535,-176.5597,56.82,81,77,8.01,NZ,1685082334
53,Iqaluit,63.7506,-68.5145,35.33,80,100,13.8,CA,1685082335
54,Minas de Marcona,-15.2119,-75.1103,57.47,88,84,12.06,PE,1685082336
55,Yellowknife,62.456,-114.3525,46.92,76,20,8.05,CA,1685082337
56,Adamstown,-25.066,-130.1015,73.65,72,24,6.04,PN,1685082338
57,Ilulissat,69.2167,-51.1,30.22,93,100,6.91,GL,1685082340
58,Port Mathurin,-19.6833,63.4167,77.49,76,63,18.72,MU,1685082341
59,Longyearbyen,78.2186,15.6401,31.84,69,75,13.8,SJ,1685082094
60,Tomatlán,19.9333,-105.25,74.17,64,89,1.03,MX,1685082343
61,Piedras Negras,28.7,-100.5167,75.27,76,100,11.88,MX,1685082187
62,Debre Birhan,9.6833,39.5333,60.8,57,63,5.53,ET,1685082345
63,Sabana Yegua,18.7167,-71.0167,68.49,89,1,2.98,DO,1685082346
64,Pariaman,-0.619,100.12,87.85,71,71,5.57,ID,1685082347
65,Mount Pearl,47.5166,-52.7813,37.85,96,100,17.27,CA,1685082348
66,Syas'stroy,60.1367,32.5691,49.87,78,50,7.27,RU,1685082350
67,Waingapu,-9.6567,120.2641,83.48,61,78,17.22,ID,1685081835
68,Salekhard,66.53,66.6019,71.56,48,88,18.19,RU,1685082352
69,Avarua,-21.2078,-159.775,71.65,94,27,2.3,CK,1685082353
70,Berdigestyakh,62.0989,126.6992,54.48,28,0,8.95,RU,1685082354
71,Arroyito,-31.4202,-63.05,64.11,83,59,5.61,AR,1685082355
72,Leava,-14.3,-178.1667,77.34,89,100,10.98,WF,1685082356
73,Castillos,-34.1667,-53.8333,63.84,82,27,8.72,UY,1685082357
74,Rudnichnyy,59.617,52.4703,65.79,77,61,6.35,RU,1685082358
75,Monrovia,6.3005,-10.7969,73.17,84,100,3.47,LR,1685081873
76,Pastos Bons,-6.6017,-44.0767,71.85,75,9,4.25,BR,1685082360
77,Ust-Nera,64.5667,143.2,45.01,53,66,0.67,RU,1685082362
78,Mordovo,52.0834,40.77,68.61,78,43,6.2,RU,1685082363
79,Changyŏn,38.2508,125.0961,71.78,55,100,12.06,KP,1685082364
80,Hailin,44.5833,129.4167,73.9,34,81,14.81,CN,1685082365
81,Thunder Bay,48.4001,-89.3168,37.38,81,0,2.3,CA,1685082366
82,Puerto Ayora,-0.7393,-90.3518,77.56,95,34,4.0,EC,1685082367
83,Invercargill,-46.4,168.35,51.21,88,99,16.33,NZ,1685082369
84,Sinabang,2.4803,96.3801,84.61,73,88,2.84,ID,1685081834
85,Aripuanã,-9.1667,-60.6333,73.87,87,77,1.16,BR,1685082371
86,Qui Nhon,13.7667,109.2333,86.02,65,40,10.22,VN,1685082372
87,Reggane,26.7158,0.1714,78.93,10,96,6.89,DZ,1685082373
88,Haiku-Pauwela,20.9219,-156.3051,74.05,77,0,10.36,US,1685082375
89,Antsiranana,-12.2787,49.2917,77.76,73,40,9.22,MG,1685082376
90,Cologne,50.9333,6.95,52.86,79,0,5.75,DE,1685082280
91,Tommot,58.9564,126.2925,57.96,32,81,11.23,RU,1685082378
92,Naze,28.3667,129.4833,74.32,79,100,12.48,JP,1685081897
93,Bilibino,68.0546,166.4372,56.93,28,76,2.15,RU,1685081786
94,Sarkand,45.41,79.9186,69.04,30,21,7.65,KZ,1685082382
95,Tambopata,-12.7333,-69.1833,71.19,99,49,2.39,PE,1685082383
96,Ushuaia,-54.8,-68.3,33.46,75,0,4.61,AR,1685082384
97,San Antonio de Palé,-1.4014,5.6325,79.09,85,99,15.61,GQ,1685082385
98,Guiuan,11.0333,125.7247,84.51,72,61,5.03,PH,1685082386
99,Hawaiian Paradise Park,19.5933,-154.9731,72.91,89,100,3.44,US,1685082388
100,Emmaus,40.5395,-75.4968,52.09,76,0,1.99,US,1685082096
101,Carbonear,47.7332,-53.2148,39.15,95,100,23.22,CA,1685082390
102,College,64.8569,-147.8028,70.12,50,75,14.97,US,1685082391
103,Petropavlovsk-Kamchatskiy,53.0452,158.6483,54.19,47,75,6.71,RU,1685082203
104,Dalandzadgad,43.5708,104.425,72.7,10,81,18.84,MN,1685082394
105,Huinca Renancó,-34.8404,-64.3758,59.34,96,100,6.82,AR,1685082395
106,Carnarvon,-24.8667,113.6333,79.36,35,96,9.13,AU,1685082396
107,Huittinen,61.1833,22.7,48.96,78,100,7.07,FI,1685082397
108,Tevriz,57.509,72.4042,66.76,26,9,4.85,RU,1685082398
109,Magadan,59.5667,150.8,47.53,87,96,6.4,RU,1685082399
110,Puerto Baquerizo Moreno,-0.9,-89.6,77.65,83,53,11.52,EC,1685082401
111,Enewetak,11.3474,162.3373,82.27,80,49,18.1,MH,1685082402
112,Dudinka,69.4058,86.1778,38.62,100,61,15.17,RU,1685082403
113,St. John's,47.5649,-52.7093,38.68,96,100,17.27,CA,1685082404
114,Timbuktu,16.7735,-3.0074,83.79,24,18,11.7,ML,1685082405
115,Kapuskasing,49.4169,-82.4331,44.69,70,20,5.75,CA,1685082408
116,Mufumbwe,-13.6833,24.8,62.35,49,10,5.84,ZM,1685082409
117,Egilsstadir,65.2653,-14.3948,44.51,53,0,6.91,IS,1685082410
118,Taro,-8.3862,115.28,77.0,57,48,5.41,ID,1685081979
119,Suntar,62.1444,117.6319,56.43,35,92,9.48,RU,1685082412
120,Pereira Barreto,-20.6383,-51.1092,64.85,68,0,7.99,BR,1685082413
121,Bulgan,48.8125,103.5347,55.92,21,86,7.47,MN,1685082414
122,Wynyard,-41.0,145.7167,53.98,70,89,13.27,AU,1685082415
123,Uturoa,-16.7333,-151.4333,81.82,76,45,11.07,PF,1685082416
124,Port Lincoln,-34.7333,135.8667,58.68,67,92,14.12,AU,1685082417
125,Arnö,60.1167,18.6333,47.79,61,58,14.07,SE,1685081862
126,Iranshahr,27.2025,60.6848,97.14,17,0,4.61,IR,1685082420
127,Happy Valley-Goose Bay,53.3168,-60.3315,35.91,93,20,6.91,CA,1685082421
128,Nelson,-41.2833,173.2833,53.42,86,100,3.09,NZ,1685082422
129,Olonkinbyen,70.9221,-8.7187,30.61,67,5,15.57,SJ,1685082423
130,Papatowai,-46.5619,169.4708,55.51,75,89,17.87,NZ,1685082424
131,Sisimiut,66.9395,-53.6735,31.15,86,93,17.11,GL,1685082426
132,Dzhalagash,45.0833,64.6667,83.91,17,1,9.44,KZ,1685082427
133,Bathsheba,13.2167,-59.5167,81.21,89,40,6.91,BB,1685082428
134,Bishkul,54.7803,69.1033,66.54,37,0,8.95,KZ,1685082429
135,Mugia,43.1041,-9.2179,59.16,74,0,23.0,ES,1685082129
136,Vadsø,70.0744,29.7487,47.28,49,0,6.91,NO,1685082431
137,Coyhaique,-45.5752,-72.0662,33.75,93,100,3.44,CL,1685082432
138,Nova Sintra,14.8667,-24.7167,69.57,83,88,14.47,CV,1685082434
139,Khōst,33.3395,69.9204,78.21,44,6,5.82,AF,1685082435
140,Guarapari,-20.6667,-40.4975,69.89,85,24,3.06,BR,1685082436
141,Polyarny,69.1989,33.4478,48.2,45,97,12.37,RU,1685082437
142,Finisterra,42.9049,-9.2629,59.02,68,0,22.37,ES,1685082438
143,Nuuk,64.1835,-51.7216,31.32,77,72,8.34,GL,1685082439
144,Callao,-12.0667,-77.15,70.09,83,75,9.22,PE,1685081996
145,Milledgeville,33.0801,-83.2321,66.34,71,75,5.75,US,1685082306
146,Kristiansund,63.1115,7.732,45.25,70,40,18.41,NO,1685082443
147,Flin Flon,54.7682,-101.865,54.07,96,99,6.22,CA,1685082444
148,Vilyuysk,63.7553,121.6247,53.71,30,5,10.47,RU,1685082445
149,Saipan,15.1355,145.701,88.5,100,40,14.97,MP,1685082446
150,Kaa-Khem,51.6833,94.7333,55.67,28,100,4.36,RU,1685082088
151,Thompson,55.7435,-97.8558,51.96,93,100,10.36,CA,1685082449
152,Ludwigslust,53.3167,11.5,52.83,73,3,9.6,DE,1685082450
153,Inarajan Village,13.2736,144.7484,82.17,86,99,13.02,GU,1685082451
154,Pontianak,-0.0333,109.3333,93.18,56,75,4.61,ID,1685081893
155,Addiet Canna,11.2667,37.4833,71.85,46,74,5.06,ET,1685082453
156,Barra dos Coqueiros,-10.9089,-37.0386,75.22,94,75,10.36,BR,1685082455
157,Tazacorte,28.629,-17.9293,63.57,79,40,5.75,ES,1685082456
158,La Ronge,55.1001,-105.2842,53.85,82,100,3.44,CA,1685082457
159,Woolgoolga,-30.1106,153.2007,69.67,42,30,8.9,AU,1685082458
160,Illapel,-31.6308,-71.1653,54.41,82,71,1.3,CL,1685082459
161,Sultangazi,41.1065,28.8685,64.72,72,0,4.61,TR,1685082461
162,Rehoboth,-23.3167,17.0833,43.09,88,0,5.5,NA,1685082462
163,Dakhla,23.6848,-15.958,65.71,89,97,9.46,EH,1685081933
164,Taesal-li,36.9714,126.4542,62.1,78,100,8.14,KR,1685082465
165,Whangarei,-35.7317,174.3239,53.26,88,58,3.38,NZ,1685082466
166,Wangaratta,-36.3667,146.3333,51.48,71,31,8.05,AU,1685082467
167,Udachny,66.4167,112.4,38.95,73,88,13.91,RU,1685082263
168,Hamilton,39.1834,-84.5333,54.45,62,0,12.66,US,1685082331
169,Lautoka,-17.6167,177.4667,75.06,69,20,6.91,FJ,1685082471
170,Glace Bay,46.1969,-59.957,42.06,97,100,8.05,CA,1685082438
171,Alta,69.9689,23.2717,43.86,60,75,9.22,NO,1685082473
172,Codrington,-38.2667,141.9667,55.15,73,99,16.24,AU,1685081991
173,Catherinas Lust,6.4,-57.6,76.66,93,96,9.1,GY,1685082475
174,Kotlas,61.2611,46.6556,62.73,86,88,10.4,RU,1685082476
175,Blackmans Bay,-43.0167,147.3167,53.73,69,100,13.49,AU,1685082477
176,Queenstown,-31.8976,26.8753,43.25,66,28,16.28,ZA,1685082478
177,Fortuna,40.5982,-124.1573,53.92,95,100,0.0,US,1685082211
178,Skellefteå,64.7507,20.9528,51.01,58,0,17.27,SE,1685082482
179,El Calafate,-50.3408,-72.2768,29.34,78,31,7.07,AR,1685082483
180,Oranjemund,-28.55,16.4333,52.18,77,63,7.05,NA,1685082484
181,Yanchep,-31.55,115.6833,70.12,33,0,6.4,AU,1685082485
182,Hadjout,36.5126,2.4138,64.04,76,17,2.71,DZ,1685082487
183,Holzminden,51.828,9.4455,53.11,88,26,5.08,DE,1685082478
184,Pisco,-13.7,-76.2167,68.05,83,100,12.66,PE,1685082489
185,Lā‘ie,21.6477,-157.9253,78.76,72,22,16.84,US,1685082490
186,Lebu,-37.6167,-73.65,52.9,84,92,8.32,CL,1685082456
187,Nālūt,30.3333,10.85,66.4,61,0,6.98,LY,1685082493
188,Raduzhny,62.0961,77.475,61.0,31,80,1.28,RU,1685082494
189,Cockburn Town,21.4612,-71.1419,81.41,79,3,11.45,TC,1685082276
190,Margate,51.3813,1.3862,54.3,72,13,8.99,GB,1685082497
191,Afaahiti,-17.75,-149.2833,78.67,79,15,8.46,PF,1685082500
192,Charlestown,-32.95,151.6667,58.1,85,96,11.01,AU,1685082501
193,Yuzhno-Kurilsk,44.0306,145.8556,57.51,71,26,11.99,RU,1685082503
194,Laguna,38.421,-121.4238,60.17,82,0,6.91,US,1685082080
195,Gadzhiyevo,69.2551,33.3362,48.04,45,95,13.24,RU,1685082508
196,Viqueque,-8.8673,126.3658,82.58,49,68,7.11,TL,1685082510
197,Province of Brindisi,40.5833,17.6667,69.8,75,85,15.68,IT,1685082512
198,Kodīnar,20.7903,70.7031,88.48,64,23,17.27,IN,1685082514
199,Arenápolis,-14.4503,-56.8461,75.72,65,87,2.82,BR,1685082515
200,Mountain Home,43.133,-115.6912,61.43,62,0,11.5,US,1685082516
201,Chhabra,24.6667,76.8333,95.94,29,48,14.05,IN,1685082518
202,Rifle,39.5347,-107.7831,57.9,41,0,4.61,US,1685082522
203,Varangaon,21.0167,75.9,97.32,27,0,15.7,IN,1685082525
204,Hadibu,12.65,54.0333,86.77,63,11,5.08,YE,1685082527
205,Badger,64.8,-147.5333,70.05,49,100,14.97,US,1685082528
206,Mossamedes,-15.1961,12.1522,67.87,80,0,13.89,AO,1685081970
207,Cidade Velha,14.9167,-23.6167,72.07,83,0,16.11,CV,1685082532
208,Inírida,3.8653,-67.9239,72.19,99,100,1.36,CO,1685082066
209,Nyagan,62.1406,65.3936,65.16,55,99,7.18,RU,1685082534
210,Krasnyy Chikoy,50.3643,108.7512,55.33,28,86,13.56,RU,1685082535
211,Xinqing,48.2333,129.5,71.42,42,93,10.85,CN,1685082536
212,La Sarre,48.8002,-79.1996,40.39,64,96,3.98,CA,1685082538
213,Rio Grande,-32.035,-52.0986,64.2,85,4,9.93,BR,1685082539
214,Saint-Pol-de-Léon,48.6833,-3.9833,54.79,84,100,10.36,FR,1685082540
215,Livermore,37.6819,-121.768,56.8,85,0,16.11,US,1685082319
216,New Norfolk,-42.7826,147.0587,54.91,67,100,5.01,AU,1685082543
217,Mishelevka,52.8575,103.1719,43.07,84,100,10.27,RU,1685082544
218,Constanța,44.1833,28.65,66.88,80,97,8.9,RO,1685082318
219,Waddān,29.1614,16.139,72.18,44,0,4.61,LY,1685082547
220,São Raimundo das Mangabeiras,-7.0219,-45.4811,72.77,69,3,3.09,BR,1685082548
221,Noshiro,40.2039,140.0242,61.63,76,100,5.3,JP,1685082549
222,East London,-33.0153,27.9116,56.34,67,0,18.41,ZA,1685082550
223,Linxia Chengguanzhen,35.6003,103.2064,65.5,47,69,4.5,CN,1685082051
224,Murzuk,25.9155,13.9184,78.6,17,9,5.35,LY,1685082553
225,Iskateley,67.6803,53.1512,58.96,93,97,14.56,RU,1685082554
226,Calama,-22.4667,-68.9333,41.49,38,0,14.97,CL,1685082530
227,Benalla,-36.55,145.9833,48.31,57,43,8.77,AU,1685082556
228,Rome,43.2128,-75.4557,43.66,93,0,4.61,US,1685082558
229,Hasaki,35.7333,140.8333,74.21,64,99,13.13,JP,1685082559
230,Adams,39.8667,-104.3839,60.06,85,93,7.11,US,1685082560
231,Severo-Vostotchnyi Bank,39.4112,49.2479,72.27,68,98,7.4,AZ,1685082561
232,Ribeira Brava,32.65,-17.0667,63.72,73,13,2.73,PT,1685082562
233,Susuman,62.7833,148.1667,46.74,38,59,4.47,RU,1685082564
234,Zheshart,62.0731,49.5733,72.63,53,49,13.56,RU,1685082565
235,Malango,-2.9627,119.9001,76.3,89,83,2.21,ID,1685082566
236,Aasiaat,68.7098,-52.8699,27.34,91,85,7.18,GL,1685082567
237,Huarmey,-10.0681,-78.1522,71.17,83,85,11.16,PE,1685082568
238,Copiapó,-27.3667,-70.3333,55.09,78,99,2.77,CL,1685082570
239,Dryden,49.7833,-92.7503,61.09,55,0,9.22,CA,1685082455
240,Atafu Village,-8.5421,-172.5159,83.88,72,13,10.38,TK,1685082572
241,Port Douglas,-16.4833,145.4667,75.65,75,100,11.03,AU,1685082573
242,Ménaka,15.9182,2.4022,90.72,17,45,6.62,ML,1685082574
243,Jamestown,42.097,-79.2353,46.04,76,0,1.01,US,1685082503
244,Trujillo,-8.116,-79.03,71.56,88,69,8.05,PE,1685082578
245,Lihue,21.9789,-159.3672,72.99,89,100,12.66,US,1685082579
246,Šilalė,55.4906,22.1814,57.18,68,37,6.82,LT,1685082580
247,Kayangel,8.0823,134.7173,83.97,79,90,26.91,PW,1685082581
248,Tazovsky,67.4667,78.7,44.87,83,100,13.53,RU,1685082584
249,Kedrovyy,56.1667,91.8167,52.21,34,69,5.1,RU,1685082585
250,Nogliki,51.8333,143.1667,48.99,74,89,5.64,RU,1685082097
251,Sittwe,20.15,92.9,87.21,67,48,8.5,MM,1685082587
252,Forster,-32.1667,152.5167,60.57,74,75,16.93,AU,1685082588
253,Belen,36.4891,36.2233,66.34,64,0,5.75,TR,1685082437
254,Witu,-2.3889,40.4382,82.08,64,41,13.11,KE,1685082591
255,Jalalaqsi,3.3766,45.5996,84.25,55,3,13.0,SO,1685082592
256,Waqqāş,32.5427,35.6053,73.4,46,65,0.47,JO,1685082593
257,Acaraú,-2.8856,-40.12,76.84,88,35,10.83,BR,1685082594
258,Zhangaözen,43.3,52.8,81.91,19,99,20.38,KZ,1685082595
259,Vorkuta,67.5,64.0,64.58,76,60,14.58,RU,1685082596
260,Kingston,17.997,-76.7936,81.55,69,20,5.75,JM,1685082407
261,Tsiombe,-25.3,45.4833,75.58,53,0,8.01,MG,1685082603
262,Grajaú,-5.8194,-46.1386,75.15,77,100,2.51,BR,1685082606
263,Utrik,11.2278,169.8474,82.08,80,100,18.72,MH,1685082617
264,Theunissen,-28.411,26.7011,43.52,67,6,6.08,ZA,1685082618
265,Pathein,16.7833,94.7333,96.58,39,75,13.89,MM,1685082084
266,Tôlanaro,-25.0319,46.9987,69.87,88,40,6.91,MG,1685082620
267,Vilyuchinsk,52.9306,158.4028,55.67,65,24,6.87,RU,1685082622
268,Chamdo,31.1667,97.2333,63.05,19,19,19.35,CN,1685082623
269,Ghadames,30.1337,9.5007,70.45,51,0,10.25,LY,1685082624
270,Al Hazm,16.1641,44.7769,88.07,30,40,0.63,YE,1685082625
271,Mili,6.0815,171.735,82.85,78,84,17.13,MH,1685082627
272,Antofagasta,-23.65,-70.4,58.28,77,100,6.89,CL,1685082123
273,Novopavlovsk,43.9622,43.6342,71.01,69,73,4.14,RU,1685082425
274,Hithadhoo,-0.6,73.0833,75.96,91,100,7.05,MV,1685082630
275,Demba,-5.51,22.2667,79.14,62,99,3.0,CD,1685082632
276,Saint Helier,49.188,-2.1049,55.45,44,75,13.8,JE,1685082633
277,Motueka,-41.1333,173.0167,52.92,87,100,4.25,NZ,1685082520
278,Florestópolis,-22.8633,-51.3872,58.55,86,0,6.26,BR,1685082636
279,Lata,40.1629,-8.3327,60.08,67,38,4.63,PT,1685082637
280,Ibotirama,-12.1853,-43.2206,67.35,84,1,3.83,BR,1685082638
281,Belmonte,-15.8631,-38.8828,73.63,87,32,8.75,BR,1685082639
282,Aweil,8.7682,27.4002,90.57,41,96,8.61,SS,1685082641
283,Bikenibeu Village,1.3673,173.1241,85.96,79,20,6.91,KI,1685082642
284,Vorgashor,67.5833,63.95,64.24,77,71,14.45,RU,1685082085
285,Nguigmi,14.2495,13.1092,91.85,33,5,16.91,NE,1685082645
286,Denison,33.7557,-96.5367,69.94,85,0,5.75,US,1685082646
287,Canguçu,-31.395,-52.6756,59.0,78,7,5.46,BR,1685082647
288,Shalqar,47.8333,59.6,82.63,18,0,8.12,KZ,1685082649
289,Gufeng,26.9083,118.9819,79.54,74,100,0.87,CN,1685082651
290,Ajdabiya,30.7554,20.2263,75.02,59,0,19.1,LY,1685082652
291,Micheweni,-4.9667,39.8333,82.71,65,4,13.15,TZ,1685082654
292,Puerto Lempira,15.2667,-83.7667,77.11,82,6,5.23,HN,1685082655
293,Long Beach,33.767,-118.1892,62.98,81,100,4.61,US,1685082630
294,Darwin,-12.4611,130.8418,85.98,51,0,12.66,AU,1685082629
295,Xapuri,-10.6517,-68.5044,71.73,95,71,1.66,BR,1685082364
296,Sianów,54.2265,16.2913,53.58,72,6,12.55,PL,1685082663
297,Chonchi,-42.6128,-73.8092,36.61,93,100,3.09,CL,1685082665
298,Ciudad Real,39.0,-4.0,57.25,97,100,8.01,ES,1685082667
299,Richards Bay,-28.783,32.0377,73.2,80,38,13.18,ZA,1685082668
300,Fort St. John,56.2499,-120.8529,55.29,71,0,9.22,CA,1685082669
301,Adamovka,51.5223,59.9396,81.03,21,3,3.6,RU,1685082670
302,Coeur d'Alene,47.6777,-116.7805,61.68,63,75,9.22,US,1685082672
303,Al Muwayh,22.4333,41.7583,89.58,19,1,9.53,SA,1685082673
304,Zhetikara,52.1908,61.2006,80.28,27,7,8.61,KZ,1685082674
305,Namtsy,62.7161,129.6658,55.08,36,33,7.87,RU,1685082203
306,Prome,18.8167,95.2167,105.94,23,0,1.43,MM,1685082677
307,Arteche,12.2645,125.4048,83.84,82,11,9.73,PH,1685082678
308,Huanan,46.2167,130.5167,77.2,30,25,17.67,CN,1685082679
309,Daru,-9.0763,143.2092,78.31,88,100,13.2,PG,1685082680
310,Uliastai,47.7417,96.8444,51.75,49,96,8.97,MN,1685082682
311,Vila Franca do Campo,37.7167,-25.4333,61.21,89,54,7.58,PT,1685082683
312,Saldanha,-33.0117,17.9442,50.05,63,93,7.54,ZA,1685082684
313,Aldinga Beach,-35.2793,138.4604,60.44,73,100,10.92,AU,1685082685
314,Newman,37.3138,-121.0208,62.94,69,59,1.99,US,1685082686
315,Falam,22.9167,93.6833,81.28,38,54,2.01,MM,1685082688
316,Aykhal,66.0,111.5,37.4,71,100,11.61,RU,1685082689
317,Okhotsk,59.3833,143.3,40.28,76,60,11.99,RU,1685082690
318,Maceió,-9.6658,-35.7353,74.64,100,40,1.14,BR,1685082692
319,Na Wa,17.4897,104.1006,89.64,71,100,5.68,TH,1685082693
320,Amos,48.5669,-78.1162,38.86,70,100,2.89,CA,1685082602
321,Coelho Neto,-4.2567,-43.0128,71.67,92,28,0.92,BR,1685082430
322,Fort Bragg,35.139,-79.006,62.15,64,100,5.99,US,1685082696
323,Tabou,4.423,-7.3528,77.76,88,100,3.31,CI,1685082698
324,Itoman,26.1247,127.6694,81.37,55,75,17.27,JP,1685082699
325,Belyy Yar,53.6039,91.3903,55.29,30,0,4.47,RU,1685082700
326,Sheksna,59.21,38.5107,64.36,60,36,7.94,RU,1685082701
327,Ngorongoro,-3.2397,35.4875,55.56,79,88,7.23,TZ,1685082703
328,Enshi,30.3,109.4833,74.95,89,100,1.16,CN,1685082704
329,Vilhena,-12.7406,-60.1458,68.2,85,12,2.37,BR,1685082705
330,Jalai Nur,49.45,117.7,59.05,20,100,22.17,CN,1685082707
331,Pacific Grove,36.6177,-121.9166,55.65,89,100,5.75,US,1685082427
332,Mersing,2.4312,103.8405,80.51,94,40,1.14,MY,1685082709
333,Porto-Novo,6.4965,2.6036,80.42,85,99,3.91,BJ,1685082710
334,Kankara,11.9302,7.4127,83.61,50,90,10.27,NG,1685082712
335,Chipata,-13.6333,32.65,71.11,49,5,5.59,ZM,1685082713
336,Yemetsk,63.4721,41.7941,61.29,70,100,10.6,RU,1685082714
337,Franklin,39.9667,-83.0166,51.24,66,40,8.05,US,1685082715
338,Swakopmund,-22.6833,14.5333,45.45,77,0,8.34,NA,1685082716
339,Borodūlīkha,50.7184,80.9295,66.13,27,5,14.03,KZ,1685082718
340,Nizhneangarsk,55.7833,109.55,38.39,75,100,2.98,RU,1685082719
341,Coral Springs,26.2712,-80.2706,73.98,90,20,5.75,US,1685082720
342,Valparaíso,-33.0393,-71.6273,60.01,60,0,10.36,CL,1685082679
343,Manokwari,-0.8667,134.0833,84.02,73,100,6.8,ID,1685082723
344,Mil’kovo,55.6078,37.7956,70.29,56,7,4.21,RU,1685082724
345,La Curva,12.4048,121.0459,86.99,67,100,5.53,PH,1685082725
346,Ironwood,46.4547,-90.171,52.61,50,0,5.75,US,1685082528
347,Nemuro,43.3236,145.575,51.19,89,44,19.35,JP,1685082728
348,Kem',64.9555,34.5793,52.05,37,100,12.55,RU,1685082729
349,San Andrés,12.5847,-81.7006,82.42,78,75,5.75,CO,1685082730
350,Berezovyy,51.6667,135.7,65.55,61,64,4.07,RU,1685082731
351,Nelson Bay,-32.7167,152.15,57.09,96,100,24.7,AU,1685082733
352,Siverek,37.755,39.3167,75.34,40,5,4.81,TR,1685082734
353,Hyesan-dong,41.3976,128.1787,69.42,41,87,10.69,KP,1685082735
354,Copala,16.65,-98.9833,80.53,78,71,3.31,MX,1685082736
355,Pailin,12.849,102.6093,90.3,54,75,6.53,KH,1685082737
356,São Gabriel da Cachoeira,-0.1303,-67.0892,72.9,99,100,1.63,BR,1685082738
357,Mount Isa,-20.7333,139.5,74.97,23,0,16.11,AU,1685082740
358,West Bay,19.3667,-81.4167,82.99,78,1,5.01,KY,1685082741
359,Vine Grove,37.8101,-85.9814,58.14,55,0,8.05,US,1685082742
360,Ruska Poliana,49.417,31.9201,68.79,66,91,8.25,UA,1685082744
361,Tumbes,-3.5667,-80.4414,77.32,85,74,6.62,PE,1685082525
362,Bakanas,44.8081,76.2772,79.16,18,95,1.83,KZ,1685082746
363,Cabedelo,-6.9811,-34.8339,79.47,76,34,13.15,BR,1685082747
364,Eenhana,-17.4667,16.3333,66.83,30,0,3.69,NA,1685082748
365,Hilo,19.7297,-155.09,73.27,90,100,3.44,US,1685082684
366,Plastun,44.7561,136.2939,61.16,64,100,11.01,RU,1685082751
367,Tambo Grande,-4.9269,-80.3447,75.45,72,82,7.81,PE,1685082752
368,El Burgo de Osma,41.5862,-3.0652,51.89,83,89,18.34,ES,1685082753
369,Thinadhoo,0.5333,72.9333,80.35,75,100,10.33,MV,1685082754
370,Selfoss,63.9331,-20.9971,42.04,94,100,11.41,IS,1685082755
371,Nadym,65.5333,72.5167,69.1,41,81,19.8,RU,1685082756
372,Lae,-6.7221,146.9847,84.87,79,13,6.64,PG,1685082758
373,Alofi,-19.0595,-169.9187,64.29,100,100,4.61,NU,1685082193
374,Smiltene,57.4244,25.9016,53.55,32,1,5.55,LV,1685082760
375,Balsas,-7.5325,-46.0356,71.89,70,20,3.22,BR,1685082761
376,Kurchatov,51.6601,35.6521,68.41,66,100,5.44,RU,1685082762
377,Vuktyl,63.8567,57.3094,79.95,35,13,16.49,RU,1685082764
378,Cidreira,-30.1811,-50.2056,66.27,81,0,10.67,BR,1685082765
379,Dolinsk,47.35,142.8,64.2,36,97,14.16,RU,1685082766
380,Aur,8.1499,171.1687,82.6,79,100,17.29,MH,1685082767
381,Praia da Vitória,38.7333,-27.0667,62.85,88,75,12.66,PT,1685082768
382,Lüderitz,-26.6481,15.1594,52.95,64,4,8.86,NA,1685082769
383,Saint-Joseph,-21.3667,55.6167,75.58,76,99,12.84,RE,1685082771
384,Lincheng,19.9078,109.6858,90.99,61,83,7.34,CN,1685082772
385,Puerto Carreño,6.189,-67.4859,75.04,93,100,1.14,CO,1685082773
386,Aqadyr,48.2553,72.8483,66.25,39,100,11.83,KZ,1685082774
387,Jiangyou,31.7667,104.7167,76.32,54,92,2.95,CN,1685082775
388,Engel's,51.5,46.1167,67.8,57,100,7.49,RU,1685082776
389,Fort McMurray,56.7268,-111.381,51.31,76,20,8.05,CA,1685082778
390,Tiszaújváros,47.9333,21.0833,66.69,73,6,10.85,HU,1685082779
391,I-n-Salah,27.1935,2.4607,81.73,18,100,16.46,DZ,1685082780
392,Yamba,-5.9,22.3,82.76,54,97,3.67,CD,1685082781
393,Usinsk,65.9939,57.5281,76.06,46,9,26.57,RU,1685082782
394,Slave Lake,55.2834,-114.769,53.58,76,100,4.61,CA,1685082784
395,Semnan,35.5729,53.3971,86.31,19,100,8.48,IR,1685082785
396,Sanibel,26.449,-82.0223,73.99,87,3,8.01,US,1685082783
397,Terra Nova,-12.3667,-40.6667,66.56,88,98,4.05,BR,1685082787
398,Aïn Sefra,32.75,-0.5833,67.06,38,2,5.06,DZ,1685082789
399,Paracuru,-3.41,-39.0306,77.11,89,41,10.09,BR,1685082790
400,Rongelap,11.1635,166.8941,82.49,78,100,18.43,MH,1685082791
401,Vilcún,-38.65,-72.2333,45.34,95,98,4.23,CL,1685082792
402,Jerez de García Salinas,22.65,-103.0,68.16,28,85,1.48,MX,1685082793
403,Nishinoomote,30.7333,131.0,75.76,78,75,10.36,JP,1685082795
404,Dar Chioukh,34.8964,3.4854,59.36,64,0,5.84,DZ,1685082796
405,Arraial do Cabo,-22.9661,-42.0278,71.91,87,0,14.07,BR,1685082797
406,Karlovasi,37.7903,26.7044,69.91,63,0,6.06,GR,1685082798
407,Revda,56.801,59.9303,79.75,29,88,3.38,RU,1685082799
408,Monroeville,40.4212,-79.7881,52.05,68,0,4.61,US,1685082780
409,Nova Viçosa,-17.8919,-39.3719,73.42,84,16,11.21,BR,1685082803
410,Vila Velha,-20.3297,-40.2925,69.94,98,75,4.61,BR,1685082804
411,Amga,60.8953,131.9608,59.0,30,98,7.05,RU,1685082806
412,Prado,-17.3411,-39.2208,72.18,89,29,9.55,BR,1685082807
413,Portland,45.5234,-122.6762,70.38,60,0,9.22,US,1685082808
414,Sultandağı,38.5311,31.2281,63.79,57,41,2.8,TR,1685082809
415,Khandyga,62.6667,135.6,50.4,63,99,5.59,RU,1685082810
416,Hinche,19.15,-72.0167,73.67,86,0,2.39,HT,1685082811
417,Touros,-5.1989,-35.4608,77.67,84,57,13.4,BR,1685082604
418,Shingū,33.7333,135.9833,69.08,67,97,4.03,JP,1685082814
419,Luang Namtha,20.9497,101.4011,89.62,66,75,11.5,LA,1685082815
420,Lázaro Cárdenas,17.9583,-102.2,81.68,74,100,1.21,MX,1685082756
421,Songea,-10.6833,35.65,65.55,77,20,0.0,TZ,1685082818
422,Lionel Town,17.8101,-77.2406,82.29,90,17,3.27,JM,1685082819
423,Chernushka,56.5072,56.0766,78.82,41,8,8.28,RU,1685082820
424,Eastham,41.8301,-69.9739,53.62,83,0,3.44,US,1685082821
425,Kavieng,-2.5744,150.7967,82.87,77,36,7.34,PG,1685082823
426,Manta,-0.95,-80.7333,75.52,87,66,4.74,EC,1685082743
427,Sarmiento,-45.5882,-69.07,39.25,50,51,25.39,AR,1685082825
428,San José del Cabo,23.0589,-109.6977,78.6,40,100,5.14,MX,1685082826
429,Champerico,14.3,-91.9167,79.59,85,100,13.53,GT,1685082827
430,Xinyuan,37.3,99.0,44.55,68,100,6.11,CN,1685082829
431,Khovd,48.0056,91.6419,55.26,49,96,6.11,MN,1685082830
432,Gizo Government Station,-8.103,156.8419,80.98,79,100,8.34,SB,1685082831
433,Port Shepstone,-30.7414,30.455,68.22,44,0,26.62,ZA,1685082832
434,Miyako,39.6367,141.9525,64.87,72,100,10.6,JP,1685082833
435,Betioky,-23.7167,44.3833,74.95,48,0,10.2,MG,1685082834
436,Dhangadhi,28.7079,80.5961,78.58,65,100,4.47,NP,1685082836
437,Howard Springs,-12.497,131.047,85.91,38,39,1.39,AU,1685082837
438,Harper,4.375,-7.7169,77.5,89,100,3.27,LR,1685082838
439,Alice Springs,-23.7,133.8833,60.35,27,0,12.66,AU,1685082839
440,Owando,-0.4819,15.8999,79.05,77,96,2.46,CG,1685082840
441,Dunedin,-45.8742,170.5036,55.94,71,60,7.76,NZ,1685082605
442,Khanty-Mansiysk,61.0042,69.0019,68.11,42,0,2.24,RU,1685082843
443,Liwale,-9.7667,37.9333,76.15,61,0,4.29,TZ,1685082844
444,Puerto Rico,-26.796,-55.024,72.77,94,16,3.49,AR,1685082846
445,Iquique,-20.2208,-70.1431,66.24,75,98,6.76,CL,1685082848
446,Sandnessjøen,66.0217,12.6316,42.91,79,40,10.0,NO,1685082849
447,Villa Gesell,-37.2639,-56.973,64.06,97,100,13.73,AR,1685082851
448,Pitimbu,-7.4706,-34.8086,79.39,76,49,11.05,BR,1685082853
449,Correntina,-13.3433,-44.6367,66.16,84,0,5.64,BR,1685082854
450,Philadelphia,39.9523,-75.1638,54.16,84,0,4.61,US,1685082855
451,Susanville,40.4163,-120.653,55.24,69,75,11.5,US,1685082856
452,Hojāi,26.0,92.8667,91.0,51,23,8.08,IN,1685082857
453,Tralee,52.2704,-9.7026,54.63,87,42,4.54,IE,1685082858
454,Am Timan,11.0297,20.2827,94.53,32,48,7.78,TD,1685082860
455,Lanzhou,36.0564,103.7922,70.92,38,100,3.76,CN,1685082861
456,Greenville,35.6127,-77.3663,59.16,75,40,5.75,US,1685082787
457,Xilin Hot,43.9667,116.0333,65.84,29,28,7.65,CN,1685082863
458,Stephenville,32.2207,-98.2023,68.13,83,0,3.44,US,1685082864
459,Hermanus,-34.4187,19.2345,49.8,70,72,9.17,ZA,1685082866
460,Puerto Aisén,-45.4,-72.7,37.06,99,100,3.65,CL,1685082729
461,Conde,-7.2597,-34.9075,78.26,83,40,6.91,BR,1685082868
462,Krasnyy Yar,46.5331,48.3456,76.96,34,99,14.65,RU,1685082869
463,Santa Ana,33.7456,-117.8678,62.85,79,100,1.01,US,1685082747
464,Concepción,-36.827,-73.0498,55.2,88,75,11.5,CL,1685082735
465,Tamanghasset,22.785,5.5228,62.51,27,0,4.61,DZ,1685082873
466,Megion,61.0296,76.1136,62.62,28,95,4.61,RU,1685082739
467,Barra de Santo Antônio,-9.4047,-35.5072,74.48,86,14,7.34,BR,1685082876
468,Greymouth,-42.4667,171.2,57.58,86,87,20.45,NZ,1685082877
469,Ola,59.5833,151.2833,48.15,92,100,8.59,RU,1685082878
470,Birobidzhan,48.8,132.95,57.51,86,100,8.97,RU,1685082880
471,Chernomorskoye,45.5039,32.6997,64.83,79,73,2.44,UA,1685082881
472,Dhidhdhoo,6.8833,73.1,84.9,71,20,8.88,MV,1685082882
473,Laayoune,27.1622,-13.2032,62.94,100,9,2.3,EH,1685082883
474,Yallahs,17.8748,-76.5624,82.13,83,3,0.04,JM,1685082884
475,Oumache,34.6929,5.6809,73.87,43,22,3.85,DZ,1685082886
476,Sumbe,-11.2061,13.8437,75.85,80,65,2.15,AO,1685082887
477,Shiraz,29.6036,52.5388,83.64,23,4,6.91,IR,1685082888
478,Ta`ū,-14.2336,-169.5144,81.43,79,95,15.21,AS,1685082889
479,Bolobo,-2.1667,16.2333,76.17,86,100,0.69,CD,1685082890
480,Natchez,31.5604,-91.4032,70.02,73,0,8.05,US,1685082891
481,West Freehold,40.2421,-74.3013,56.46,79,40,5.75,US,1685082893
482,Dāmghān,36.1683,54.348,83.71,17,100,4.54,IR,1685082894
483,Shagonar,51.5333,92.8,53.1,46,28,9.4,RU,1685082895
484,Ciudad Bolivar,8.1222,-63.5497,79.18,81,100,6.42,VE,1685082896
485,Laojunmiao,39.8333,97.7333,63.59,15,100,7.36,CN,1685082897
486,Zvëzdnyy,57.7325,56.3147,75.79,27,6,8.59,RU,1685082898
487,Brookings,44.3114,-96.7984,66.2,59,0,13.8,US,1685082689
488,Santa Cruz de la Sierra,-17.8,-63.1667,74.66,94,75,13.8,BO,1685082800
489,Conduaga,8.862,117.4893,86.59,65,100,7.92,PH,1685082901
490,Auki,-8.7676,160.7034,75.45,91,100,3.8,SB,1685082904
491,Nouadhibou,20.931,-17.0347,66.18,94,100,18.41,MR,1685082905
492,Hammerfest,70.6634,23.6821,41.45,70,75,11.5,NO,1685082907
493,Port Hedland,-20.3167,118.5667,84.25,17,5,18.41,AU,1685082911
494,Baissa,7.2333,10.6333,77.47,88,24,2.15,NG,1685082913
495,Ketchikan,55.3422,-131.6461,55.87,94,100,3.44,US,1685082914
496,Ljusdal,61.8288,16.0913,48.65,41,5,13.76,SE,1685082785
497,Esim,4.8699,-2.2405,80.35,83,44,2.24,GH,1685082916
498,Narvik,68.4384,17.4272,38.61,94,100,10.51,NO,1685082917
499,Rémire-Montjoly,4.9167,-52.2667,75.24,94,20,0.0,GF,1685082919
500,Canutama,-6.5339,-64.3831,73.62,99,65,0.2,BR,1685082920
501,Carboneras,37.0015,-1.9213,66.31,81,11,11.14,ES,1685082921
502,Tura,25.5198,90.2201,87.12,53,27,4.38,IN,1685082922
503,Prince George,53.9166,-122.753,53.26,78,0,0.0,CA,1685082923
504,Dondo,-19.6094,34.7431,71.11,63,1,5.75,MZ,1685082925
505,Zuni Pueblo,35.0725,-108.8506,52.43,21,14,5.46,US,1685082926
506,Saint-François,46.4154,3.9054,58.68,94,0,0.0,FR,1685082927
507,Pointe Michel,15.25,-61.3833,79.9,83,20,11.95,DM,1685082928
508,Ratnagiri,16.9833,73.3,88.36,63,11,10.83,IN,1685082930
509,Minot,48.2325,-101.2963,71.82,53,20,13.8,US,1685082799
510,Urengoy,65.9667,78.3667,52.84,65,100,13.29,RU,1685082691
511,Apahida,46.8167,23.75,66.15,73,0,1.99,RO,1685082933
512,Ribeirão Branco,-24.2208,-48.7656,55.85,98,0,1.59,BR,1685082935
513,Crane,31.3974,-102.3501,72.09,73,96,17.13,US,1685082936
514,Palu,-0.8917,119.8707,80.78,92,100,2.75,ID,1685082937
515,El Granada,37.5027,-122.4694,57.61,87,100,9.22,US,1685082938
516,Gobabis,-22.45,18.9667,51.21,63,0,11.48,NA,1685082939
517,Kiruna,67.8557,20.2251,38.32,52,40,17.27,SE,1685082941
518,Libreville,0.3925,9.4537,78.82,94,75,8.05,GA,1685082942
519,Chipinge,-20.1883,32.6236,71.87,44,61,2.68,ZW,1685082943
520,Kindu,-2.95,25.95,77.63,80,98,0.76,CD,1685082944
521,Hsinchu,24.8036,120.9686,85.98,74,73,3.0,TW,1685082894
522,Kölleda,51.1833,11.2333,58.28,70,0,5.95,DE,1685082947
523,Killarney,52.05,-9.5167,56.01,87,68,3.91,IE,1685082948
524,Isangel,-19.55,169.2667,77.11,65,20,4.61,VU,1685082949
525,Aras-asan,8.8908,126.3033,85.03,75,100,6.44,PH,1685082950
526,Port Saint John's,-31.6229,29.5448,65.8,41,0,23.02,ZA,1685082952
527,Singkil,-7.9855,111.4161,86.81,56,38,5.59,ID,1685082953
528,Puerto Armuelles,8.2833,-82.8667,82.17,89,100,1.79,PA,1685082954
529,Labytnangi,66.6572,66.4183,72.59,47,33,17.16,RU,1685082955
530,Maputo,-25.9653,32.5892,70.23,86,75,14.97,MZ,1685082956
531,Igarka,67.4667,86.5833,41.49,87,70,5.68,RU,1685082957
532,Shenkursk,62.1091,42.896,69.21,47,5,9.17,RU,1685082958
533,Horta,38.5333,-28.6333,62.02,81,40,11.01,PT,1685082960
534,Ortona,42.3496,14.4039,72.16,65,13,9.15,IT,1685082961
535,Guibéroua,6.2392,-6.1727,73.38,98,100,1.52,CI,1685082962
536,Brisas de Zicatela,15.8369,-97.0419,82.38,82,41,6.89,MX,1685082963
537,Bo`ka,40.8108,69.1986,83.19,18,0,7.67,UZ,1685082965
538,Ndjolé,-0.1783,10.7649,78.44,93,100,1.83,GA,1685082966
539,Atemajac de Brizuela,20.1833,-103.7,58.03,46,43,1.88,MX,1685082967
540,Nueva Gerona,21.8833,-82.8,78.66,70,0,3.62,CU,1685082968
541,Kasane,-17.8167,25.15,64.49,59,0,2.3,BW,1685082970
542,Kapaa,22.0752,-159.319,73.72,89,100,12.66,US,1685082971
543,Senigallia,43.7093,13.2167,70.95,75,51,9.22,IT,1685082972
544,Abong Mbang,3.9833,13.1833,71.2,97,100,2.01,CM,1685082974
545,Rabak,13.1809,32.74,99.14,28,7,13.49,SD,1685082975
546,Naryan-Mar,67.6713,53.087,60.26,89,100,15.21,RU,1685082799
547,Holualoa,19.6228,-155.9522,71.44,92,40,14.97,US,1685082977
548,Camocim,-2.9022,-40.8411,76.26,89,43,9.82,BR,1685082978
549,Tindouf,27.6711,-8.1474,65.37,51,100,17.96,DZ,1685082981
550,Alaghsas,17.0187,8.0168,91.29,25,3,5.75,NE,1685082982
551,Yarkovo,57.4028,67.0786,71.29,31,4,4.43,RU,1685082983
552,Kokopo,-4.352,152.2633,81.48,78,100,9.66,PG,1685082985
553,Dali,25.7,100.1833,77.25,41,35,8.57,CN,1685082986
554,Mlimba,-8.8,35.8167,76.75,68,19,2.48,TZ,1685082987
555,Tilaran,10.4703,-84.9671,74.07,98,99,1.34,CR,1685082988
556,Benguela,-12.5763,13.4055,75.45,79,0,2.08,AO,1685082989
557,Timimoun,29.2639,0.231,80.55,20,0,17.85,DZ,1685082991
558,Tangalle,6.024,80.7911,93.36,60,100,16.15,LK,1685082993
559,Bengkulu,-3.8004,102.2655,85.95,68,100,7.99,ID,1685082994
560,Muynak,43.7683,59.0214,84.61,19,0,11.59,UZ,1685082995
561,Sambava,-14.2667,50.1667,77.41,73,97,8.52,MG,1685082996
562,Mount Gambier,-37.8333,140.7667,53.17,74,100,9.17,AU,1685082997
563,Harrisburg,40.2737,-76.8844,54.12,77,0,3.85,US,1685083000
564,Bartlett,35.2045,-89.874,71.71,79,0,6.91,US,1685082862
565,Aylesbury,51.8167,-0.8146,51.85,88,8,10.36,GB,1685082901
566,Ulladulla,-35.35,150.4667,54.9,48,9,8.28,AU,1685083003
567,Sinop Province,41.7711,34.8709,55.83,74,100,1.79,TR,1685083005
568,Tromsø,69.6496,18.957,39.22,81,100,21.85,NO,1685083006
569,Miandrivazo,-19.5167,45.4667,81.28,41,0,6.35,MG,1685083007
570,El Porvenir,13.7617,-87.3458,78.13,91,100,2.1,HN,1685083008
571,Kashgar,39.4547,75.9797,72.61,26,20,6.71,CN,1685083010
572,Güneysu,40.9776,40.6136,67.5,81,82,5.19,TR,1685083011
573,Yuto,-23.6434,-64.4719,68.45,97,39,3.24,AR,1685083013
574,Mejit,10.2753,170.8646,81.84,80,100,15.05,MH,1685083014
575,Puerto Santa,-8.9906,-78.6456,70.99,86,100,11.7,PE,1685083015
576,Fortaleza,-3.7227,-38.5247,78.93,89,75,4.61,BR,1685082827
577,Xigazê,29.25,88.8833,67.91,13,100,18.34,CN,1685083017
578,Wad Medani,14.4012,33.5199,101.16,15,6,6.93,SD,1685083019
